이름,모듈,커밋수
ㅅㄷㅎ,filter,197
ㅅㄷㅎ,home,19
ㅅㄷㅎ,search,54
ㅅㄷㅎ,find_job,84
ㅅㄷㅎ,login,1
ㅅㄷㅎ,splash,1
ㅅㄷㅎ,menu,1
ㅅㄷㅎ,notification_setting,2
ㅅㄷㅎ,settings,2
ㅅㄷㅎ,common,219
ㅅㄷㅎ,base,5
ㅅㄷㅎ,route,2
ㅇㅎㅈ,filter,3
ㅇㅎㅈ,home,52
ㅇㅎㅈ,search,11
ㅇㅎㅈ,find_job,13
ㅇㅎㅈ,login,1
ㅇㅎㅈ,tab_scaffold,8
ㅇㅎㅈ,splash,5
ㅇㅎㅈ,menu,2
ㅇㅎㅈ,notification_setting,1
ㅇㅎㅈ,settings,1
ㅇㅎㅈ,sign_up,4
ㅇㅎㅈ,common,29
ㅇㅎㅈ,base,10
ㅇㅎㅈ,route,3
ㅇㅎㅈ,dialog,1
ㄱㅅㅎ,filter,1
ㄱㅅㅎ,home,85
ㄱㅅㅎ,search,20
ㄱㅅㅎ,find_job,17
ㄱㅅㅎ,login,2
ㄱㅅㅎ,tab_scaffold,8
ㄱㅅㅎ,splash,7
ㄱㅅㅎ,notification_setting,3
ㄱㅅㅎ,sign_up,2
ㄱㅅㅎ,common,75
ㄱㅅㅎ,base,11
ㄱㅅㅎ,dialog,7
ㅇㅎㄱ,filter,10
ㅇㅎㄱ,home,11
ㅇㅎㄱ,search,160
ㅇㅎㄱ,find_job,1
ㅇㅎㄱ,common,96
ㅇㅎㄱ,route,1
ㅊㅈㅇ,filter,10
ㅊㅈㅇ,home,40
ㅊㅈㅇ,search,17
ㅊㅈㅇ,find_job,15
ㅊㅈㅇ,splash,1
ㅊㅈㅇ,common,21
ㅊㅈㅇ,base,16
ㅊㅈㅇ,dialog,1
ㅇㄷㅎ,filter,2
ㅇㄷㅎ,home,83
ㅇㄷㅎ,search,4
ㅇㄷㅎ,find_job,4
ㅇㄷㅎ,tab_scaffold,5
ㅇㄷㅎ,splash,7
ㅇㄷㅎ,menu,1
ㅇㄷㅎ,common,77
ㅇㄷㅎ,base,5
ㅇㄷㅎ,route,6
ㅇㄷㅎ,dialog,2
ㅂㅈㅇ,filter,10
ㅂㅈㅇ,home,6
ㅂㅈㅇ,search,23
ㅂㅈㅇ,find_job,5
ㅂㅈㅇ,tab_scaffold,1
ㅂㅈㅇ,menu,1
ㅂㅈㅇ,notification_setting,3
ㅂㅈㅇ,common,44
ㅂㅈㅇ,base,1
ㅂㅈㅇ,route,2
ㅈㅇㅇ,menu,1
ㅈㅇㅇ,common,1
