해시,작성자,메시지,날짜,변경라인,파일수,파일핵심도,변경고유율,변경유형,메시지시그널,영향범위,가치점수,등급
848715aa1726,ㅇㅎㄱ,공고 상세 스켈레톤 loading 관련 잘못 수정된 부분 있어 수정 하였습니다.,2025-09-16,4,2,0.7,1.0,0.9,0.8,0.5,80,S
c9214204bffd,ㅇㅎㄱ,패딩이 빠져 있어 수정,2025-09-16,1,1,0.3,1.0,0.3,0.8,0.5,54,B
a1ba9b8fe771,ㅇㅎㄱ,스켈레톤 겹침 문제 수정 위해 처음 로드시에만 노출되게 수정,2025-09-16,12,2,0.7,1.0,0.7,0.8,0.5,76,A
a2920a35ff80,ㅇㅎㄱ,스켈레톤 수정,2025-09-16,63,2,0.3,0.509,0.3,0.8,0.8,47,B
f1ea28bd4b3f,ㅇㅎㄱ,스켈레톤 수정,2025-09-15,94,4,0.3,0.689,0.5,0.8,0.6,53,B
f6dfd773f754,ㅂㅈㅇ,/Recruit/OnPass/SimplePassApply 호출 시  서비스 코드 추가,2025-09-11,13,4,0.9,1.0,0.6,0.7,0.5,78,A
e824004a8a76,ㅇㅎㄱ,이벤트 송수신을 1회성으로 수정,2025-09-11,35,4,0.7,1.0,0.3,0.8,0.5,66,A
8829459649bc,ㅂㅈㅇ,[AI추천 GA] 요청자 : 전훈 / 가상페이지 태깅 시  디멘션 값 추가,2025-09-11,116,7,0.9,1.0,0.6,0.7,0.5,78,A
993ee8226584,ㅇㅎㄱ,광고쪽 수정 검토 중,2025-09-11,60,3,0.3,1.0,0.5,0.8,0.8,62,A
68595bb6132f,ㅂㅈㅇ,Ai 추천 기업 홈탭에 웹 로그아웃된 경우  로그인화면 노출,2025-09-10,33,3,0.3,0.459,0.6,0.4,0.6,45,B
cdd741ab92d8,ㅇㅎㄱ,캐시 저장을 login 일때 체크 하고 있어서 기업 로그인일 때에도 저장이 되고 있어 문제가 발생한다.,2025-09-09,4,1,0.7,1.0,0.3,0.4,0.7,62,A
76e3ab0140f9,ㅂㅈㅇ,마이메뉴 탭에서 홈 탭 클릭 시  화면클리어 안되는 이슈 수정,2025-09-05,5,1,0.3,1.0,0.3,0.8,0.7,56,B
898d276e31bb,ㅂㅈㅇ,[AI추천 상세 리스트] resumes-contact Api 호출 제거 (이력서 보유 값을 체크하기 위해서 과하게 호출되고 있음),2025-09-05,4,2,0.7,1.0,0.2,0.15,0.5,53,B
fda012b745e2,ㅇㅎㄱ,공통 적이고 반복적으로 사용되는 중복 코드 UseCase 제거 및 실제 호출 하는 Manager 추가 (AiRecoAuthManager),2025-09-05,411,6,1.0,0.67,0.6,0.55,0.5,72,A
bcbedc9800b2,ㅇㅎㄱ,잘못 수정된 부분 수정 기존 onApiCall 시에 isSuccess 여부 돌려주지 못하던 부분 수정,2025-09-01,35,4,1.0,0.521,1.0,0.8,0.5,82,S
6c8cd910350c,ㅇㅎㄱ,로그 추가,2025-09-01,2,1,0.9,1.0,0.3,0.7,0.5,70,A
52e56415b79e,ㅇㅎㄱ,주석 및 로그 추가 로그인 시 처음 로그인 실패 가능해서 ( 쿠키 있을 때 실패 뜰 수 있음 ).이 때에는 로그인 다시 시도하라는 토스트 띄우면 안된다.,2025-09-01,36,5,1.0,0.55,0.8,0.7,0.5,76,A
2f4017fc8b32,ㅇㅎㄱ,4.2.2 수정 (일반 로그인 체크 하는 부분 -> 개인 로그인 체크 수정),2025-09-01,2,1,0.9,1.0,0.9,0.8,0.5,87,S
7bef8703a61b,ㅂㅈㅇ,onNewIntent 시 API 호출,2025-08-28,50,2,0.7,1.0,0.5,0.4,0.8,68,A
7fc9b3d46cee,ㅇㅎㄱ,추천에서 refreshUserJobSettings  fetchHasResumeAndContact. 이후 loadData 하도록 수정,2025-08-28,36,2,0.9,1.0,0.6,0.8,0.6,80,S
452cf27ff5e5,ㅇㅎㄱ,401 대응 이슈 수정,2025-08-28,109,4,1.0,1.0,0.6,0.8,0.6,83,S
f14095939ecd,ㅇㅎㄱ,로그인 401 이슈 대응 수정,2025-08-27,135,4,1.0,0.954,0.6,0.8,0.6,82,S
96a042e99299,ㅂㅈㅇ,헤더 작업 및 온보딩 여부 체크 값 업데이트,2025-08-27,22,2,0.9,1.0,0.8,0.4,0.6,79,A
8957792d037d,ㅇㅎㄱ,API 호출 영역 수정,2025-08-27,365,8,1.0,0.548,0.7,0.8,0.5,75,A
283f8a8353a4,ㅂㅈㅇ,API 호출 시도 시  로그인 시키도록 수정,2025-08-27,57,2,1.0,0.992,0.6,0.8,0.8,85,S
7c7e7cc6bf44,ㅂㅈㅇ,이력서 가져오는 API 호출 시도 시  로그인이 풀려있는 경우이면 리프레시 후 호출,2025-08-27,81,2,1.0,0.771,0.6,0.4,0.8,74,A
ad572a288ad9,ㅂㅈㅇ,다른화면에서 돌아올 경우  바텀시트가 보이는 상태에서만 Refresh,2025-08-26,13,2,0.7,1.0,1.0,0.4,0.5,77,A
390ec079cbb7,ㅂㅈㅇ,요청자 : 전훈 /  공고뷰 > 이력서 설정 가상페이지 URL 변경,2025-08-26,2,1,0.3,1.0,0.3,0.4,0.5,48,B
d9ac9537f2ae,ㅂㅈㅇ,미사용 코드 제거,2025-08-26,41,5,1.0,1.0,0.15,0.15,0.5,61,A
c676d1e2cc59,ㅇㅎㄱ,DMP 로그  호출 추가,2025-08-26,474,9,0.9,0.901,0.5,0.7,0.5,73,A
0a5b9c2f5a4b,ㅇㅎㄱ,GA 수정 추가,2025-08-22,12,3,0.7,1.0,0.3,0.8,0.5,66,A
6c2d273ff9fb,ㅇㅎㄱ,장애 케이스 에러 문구 중앙정렬 수정,2025-08-22,4,1,0.3,1.0,0.3,0.8,0.7,56,B
e50fa68dc536,ㅇㅎㄱ,https://jira.jobkorea.co.kr/browse/TEST-72545 장애 케이스 - 캐싱데이터 없는 경우 > AI추천 메인 스켈레톤만 노출 됨 https://jira,2025-08-21,185,7,0.7,1.0,0.6,0.9,0.5,75,A
5bd6ccc9b6fc,ㅂㅈㅇ,[TEST-72332] 간편지원 설정 등록 유도 팝업 > 나중에 할래요 선택 > 로그아웃 후 로그인 시 팝업 노출 됨,2025-08-21,2,1,0.7,1.0,0.3,0.7,0.5,64,A
a35d5345ea64,ㅂㅈㅇ,(TEST-72527) 백 애니메이션 효과 제거,2025-08-20,1,1,0.3,1.0,0.3,0.25,0.5,45,B
39dbd09fda76,ㅂㅈㅇ,[TEST-72529] 간편지원 설정 등록 유도 팝업  메인에만 노출하도록 변경,2025-08-20,291,3,0.7,0.923,0.4,0.7,0.8,68,A
b1bf650310b9,ㅂㅈㅇ,[TEST-72490] 간편지원 바텀시트에 수정버튼 노출,2025-08-20,58,1,0.3,1.0,0.5,0.7,0.9,61,A
41868a154c56,ㅂㅈㅇ,[TEST-72447] 요청자 : 전훈 / AI추천 온보딩 3단계 위치 빈 값인 경우  해당영역 미노출,2025-08-20,26,1,0.7,1.0,0.6,0.7,0.9,76,A
414a7e39781d,ㅇㅎㄱ,https://jira.jobkorea.co.kr/browse/TEST-72487 비로그인/기업/서치펌회원 > 간편지원 설정 등록 유도 팝업 노출 됨 수정,2025-08-20,13,2,0.9,1.0,0.8,0.9,0.5,86,S
638c101bbad0,ㅇㅎㄱ,https://jira.jobkorea.co.kr/browse/TEST-72487 비로그인/기업/서치펌회원 > 간편지원 설정 등록 유도 팝업 노출 됨 수정,2025-08-20,13,2,0.9,1.0,0.8,0.9,0.5,86,S
130c7558d380,ㅇㅎㄱ,스켈레톤 수정  -> 스켈레톤 형식 변경 및 디자인 가이드에 맞게 수정,2025-08-19,960,17,0.7,0.445,0.4,0.8,0.4,56,B
a3918570670d,ㅂㅈㅇ,이모지에 대해서도 얼라인 받도록 추가,2025-08-19,3,1,0.3,1.0,0.3,0.7,0.7,54,B
7262ef5b5f17,ㅂㅈㅇ,[R 후속]AirecoDialog 가운데 정렬 처리 + GA 처리,2025-08-19,47,5,0.7,1.0,0.6,0.4,0.5,67,A
edc0f75565ed,ㅇㅎㄱ,스켈레톤 표시 방법 수정 스켈레톤 수정 중 https://jira.jobkorea.co.kr/browse/TEST-72410 일반공고 지원 시 스크랩 아이콘 해제 됨 수정 http,2025-08-18,2236,15,0.9,0.296,0.4,0.9,0.4,60,A
26cbdae2df5a,ㅂㅈㅇ,[R후속 GA] 공고상세에서 공고변환 시  태깅안되는 이슈 처리,2025-08-18,19,1,0.7,1.0,0.6,0.4,0.9,71,A
1797f7f906ec,ㅂㅈㅇ,[R후속 GA] 이력서 설정영역에서 페이지 뷰 태깅 이슈 재작업 ( 메인 / 리스트 / 상세 ),2025-08-18,109,7,0.9,0.945,0.6,0.4,0.5,72,A
368609a25de6,ㅂㅈㅇ,[R후속][TEST-72368] 밀어서지원하기 버튼에서  휴대폰 번호가 없는 경우 -> 이력서 설정 안뜨도록 처리,2025-08-14,17,3,0.7,1.0,0.8,0.5,0.5,74,A
b4ad6b780621,ㅂㅈㅇ,[R-후속] 온보딩 라벨링 인덱스 0 부터가 아닌 1부터 시작하도록 변경,2025-08-14,4,1,0.7,1.0,0.2,0.4,0.7,59,B
1b1c94ed5fad,ㅂㅈㅇ,(메인) HTTP 에러가 아닌 네트워크 환경 에러 시  재시도 팝업 노출,2025-08-14,6,2,0.7,1.0,0.3,0.4,0.5,60,A
4fb4a5e983b8,ㅇㅎㄱ,메인 앵커 이동 수정 (현재 선택되어 있는 아이템 선택 시 자연스럽게 이동 가능하게 수정),2025-08-14,18,1,0.3,1.0,0.8,0.8,0.9,70,A
23fa0b459481,ㅇㅎㄱ,다이얼로그 잘 못 수정 된 부분 수정,2025-08-14,16,1,0.7,1.0,0.3,0.8,0.9,70,A
4121938a0d3c,ㅇㅎㄱ,이력서 유도 팝업 동작 수정,2025-08-13,48,4,0.7,0.967,0.3,0.8,0.6,66,A
0ecf8f6d89c1,ㅇㅎㄱ,간편지원 설정 등록 유도 팝업 노출 수정,2025-08-13,909,22,0.9,0.815,0.4,0.8,0.4,69,A
5f741e61d157,ㅂㅈㅇ,HTTP 에러가 아닌 다른 기타 에러일 경우  공통 처리,2025-08-12,42,2,0.7,0.157,1.0,0.4,0.8,63,A
3d43d6b173e6,ㅂㅈㅇ,메인화면 > 네트워크 오류처리,2025-08-12,15,2,0.7,1.0,0.3,0.4,0.5,60,A
ace36d611ccd,ㅂㅈㅇ,[R후속] 이력서 설정 > 이력서 추가 가능하도록 수정,2025-08-12,88,2,0.3,1.0,0.5,0.8,0.8,62,A
f8bf4e43d589,ㅂㅈㅇ,API 응답 Body 값이 Null 인 경우 대응,2025-08-12,85,5,0.9,0.963,0.8,0.4,0.6,78,A
851dfd498889,ㅂㅈㅇ,이력서 설정 > 이력서 없는 경우에 대한 UI 변경 진행 중...,2025-08-12,116,2,0.3,1.0,0.3,0.4,0.8,51,B
e573503f1049,ㅂㅈㅇ,[R후속] 연락처 편집 시  휴대폰 텍스트 겹쳐보이는 케이스 처리,2025-08-12,3,1,0.3,1.0,0.9,0.4,0.7,64,A
731d5b4d74f5,ㅂㅈㅇ,[R후속] POST/PUT/DELETE Response DTO 불필요한 코드 제거,2025-08-08,151,13,1.0,0.662,0.5,0.15,0.4,62,A
a4e99be00f8a,ㅂㅈㅇ,[R 크래시] 온보딩 > 직무선택 버튼 연속 클릭 시  앱 죽는 현상 처리,2025-08-08,2,1,0.7,1.0,0.9,0.4,0.5,75,A
9abe935da316,ㅂㅈㅇ,AI 추천 모든 API Try Catch 적용,2025-08-06,500,5,0.9,0.447,0.9,0.4,0.6,70,A
e38ddb53bbe1,ㅂㅈㅇ,[GA] 공고상세 > 스와이프 지원 시  이벤트 태깅 누락 건 수정,2025-08-04,17,2,0.3,1.0,0.3,0.8,0.5,54,B
9eb277b0dc16,ㅇㅎㄱ,ClckType 에 NetworkError 호출 시 토스트 메세지 노출 될 수 있도록 수정,2025-08-07,81,9,0.7,0.867,0.6,0.8,0.5,70,A
6a33e28bf62a,ㅂㅈㅇ,[AI 추천 후속] 하단 탭바 기존 사용하던 XML 방식으로 변경  (컴포즈로 했을 때 디자인 일관성 유지하기가 어려움),2025-08-06,214,3,0.3,0.984,0.6,0.4,0.8,58,B
25fef0980748,ㅂㅈㅇ,[EdgeToEdge] 기업화면 외 기타화면 대응,2025-08-06,3,1,0.3,1.0,0.3,0.4,0.7,50,B
61a3eacd8fb4,ㅂㅈㅇ,따옴표 수정,2025-07-31,4,1,0.7,1.0,0.3,0.8,0.7,68,A
4a465f6c5143,ㅂㅈㅇ,AI추천 메인화면  리스트에 사용하는 배너의 홈페이지 지원 시  로그 처리,2025-07-31,13,1,0.7,1.0,1.0,0.4,0.9,81,S
9865152ea331,ㅇㅎㄱ,logActivity 호출 안된 부분 추가,2025-07-31,24,2,0.9,0.927,0.8,0.7,0.6,82,S
c8ef54d724a5,ㅇㅎㄱ,logActivity 호출 수정,2025-07-31,13,1,0.7,1.0,0.8,0.8,0.9,82,S
a604e7a0f203,ㅇㅎㄱ,logActivity에 받는값 없는데 String 받고 있어서 강제 종료 발생 수정,2025-07-31,26,7,1.0,1.0,0.3,0.8,0.5,74,A
433f916ee08a,ㅂㅈㅇ,선택한 아이템이 1개이고 홈페이지 지원인 경우 가상페이지 태깅 + 중복코드 제거 및,2025-07-30,11,1,0.7,1.0,0.3,0.15,0.9,60,A
e45d485f7f12,ㅇㅎㄱ,GA추가  지원하기 시 스크랩 리스트에Homepage 지원 하기가 있는지 여부 확인하여 GA 호출,2025-07-30,27,2,0.9,1.0,0.6,0.7,0.6,78,A
333ccf55c30e,ㅂㅈㅇ,이력서 프로필 하나도없는 경우 스크랩하도록 추가,2025-07-29,8,2,0.7,1.0,0.8,0.7,0.5,76,A
a18ec430da66,ㅇㅎㄱ,이력서 설정 바텀 시트 노출 수정 (지원이 아닌 설정으로 노출),2025-07-29,5,2,0.9,1.0,0.3,0.8,0.5,72,A
4390ea56b486,ㅂㅈㅇ,스플릿탭바 디자인 수정 및 방어로직일 경우 이력서설정 버튼 히든,2025-07-29,22,3,0.3,0.847,0.6,0.8,0.5,58,B
abe0488f126a,ㅇㅎㄱ,GA 이벤트 트래킹 수정 입니다.,2025-07-29,73,12,0.7,0.95,0.3,0.8,0.5,64,A
7a9eb3324e38,ㅂㅈㅇ,텍스트 폰트 수정,2025-07-29,8,1,0.3,1.0,0.3,0.8,0.7,56,B
f4a5ba685953,ㅇㅎㄱ,메인 리스트 스크린에서 back 으로 왔을 때에도 UserType확인,2025-07-29,25,2,0.9,1.0,0.6,0.4,0.6,74,A
0c2846989d8b,ㅂㅈㅇ,이력서정보랑 프로필정보가 없는 경우 얼럿 직접띄우기,2025-07-29,22,4,0.9,1.0,0.6,0.4,0.5,73,A
2643311ff112,ㅇㅎㄱ,앱 빌드 에러 발생 수정,2025-07-29,12,2,0.9,1.0,0.6,0.8,0.5,79,A
f299d3032f46,ㅂㅈㅇ,하단탭바 각 화면 별 일관성있게 통일,2025-07-29,13,2,0.3,1.0,0.3,0.4,0.5,48,B
74c38162d53e,ㅂㅈㅇ,에러페이지 500  502  503  504 에 한해서 페이지 및 토스트 띄우기,2025-07-29,5,2,0.7,1.0,0.9,0.4,0.5,75,A
728309e3f9b9,ㅇㅎㄱ,테마쪽에 Result 안타고 있어서 수정 응답값에 의한 팝업 노출이 성공시에만 노출되어야 함. 로그인 이동및 바텀 시트 노출 수정,2025-07-29,145,7,1.0,0.823,0.8,0.8,0.5,83,S
e25b5bf083c1,ㅂㅈㅇ,휴대폰 번호 없는 경우 체크로직 수정 및 팝업노출,2025-07-29,39,4,0.7,1.0,0.8,0.8,0.5,78,A
169ab9717ba7,ㅂㅈㅇ,탭바 디자인 수정 및 유효기간 적용,2025-07-29,23,1,0.3,1.0,0.6,0.8,0.9,65,A
d07a0365d2ed,ㅂㅈㅇ,이메일 없는 경우  필적사항 입력하도록 팝업,2025-07-29,23,2,0.7,1.0,0.8,0.4,0.6,73,A
c75f60d41d55,ㅂㅈㅇ,이력서 비어있는지 체크 함수,2025-07-29,2,1,0.9,1.0,0.3,0.4,0.5,66,A
ae0609c37c3a,ㅂㅈㅇ,로그인 이후 및 AI 추천 진입 시  연락처 정보 최신화,2025-07-29,2,2,0.9,1.0,0.3,0.4,0.5,66,A
01405c72a390,ㅇㅎㄱ,필요하지 않은곳에서까지 scrap 업데이트를 하지 않아 문제 발생하고 있음. mainList 처음 진입시에 초기화 후 업데이트 외에 나머지는 무조건 업데이트.,2025-07-29,10,2,0.7,0.8,0.3,0.4,0.5,56,B
c75f9017b78a,ㅂㅈㅇ,Ai 추천 탭바 작업완료,2025-07-29,42,2,0.3,1.0,0.5,0.4,0.8,56,B
0c2295565161,ㅇㅎㄱ,TEST-71917  추천 리스트 영역 > 공고명 긴 경우 두줄 노출 후 말줄임 표시되지 않음 수정,2025-07-29,16,2,0.3,1.0,0.3,0.7,0.5,52,B
6cd326288399,ㅇㅎㄱ,이벤트 GA 수정,2025-07-29,44,6,0.7,1.0,0.6,0.8,0.5,73,A
a3aec200b868,ㅇㅎㄱ,GA 수정,2025-07-28,15,1,0.7,0.892,0.3,0.8,0.9,67,A
375d0714d777,ㅇㅎㄱ,상세 웹뷰 8.0 이하 버전에서 죽지 않도록 수정. GA 수정,2025-07-28,576,13,1.0,0.979,0.5,0.8,0.4,78,A
f4217a8b369c,ㅂㅈㅇ,AI 추천 하단탭 Build Up,2025-07-28,4,1,0.3,1.0,0.2,0.4,0.7,47,B
787f30b43d49,ㅂㅈㅇ,공고상세 setClickHistory 작업,2025-07-28,45,4,0.7,0.937,0.6,0.4,0.6,67,A
617feda68979,ㅂㅈㅇ,[GA] AI추천 리스트 이벤트 태깅 인덱스 추가,2025-07-28,3,1,0.3,1.0,0.3,0.7,0.7,54,B
bbc4e4a4d50e,ㅂㅈㅇ,휴대폰번호 입력 하라는 팝업기준 수정,2025-07-28,15,4,0.9,1.0,0.6,0.8,0.5,79,A
6379b92991fe,ㅂㅈㅇ,[GA] AI추천 메인 탑배너 및 테마 이벤트 태깅 추가,2025-07-28,20,4,0.9,1.0,0.3,0.7,0.5,70,A
3b523cdb409a,ㅇㅎㄱ,dsp 노출 조건 수정,2025-07-28,5,2,0.3,1.0,0.3,0.8,0.5,54,B
5651a6fc6bc6,ㅂㅈㅇ,[TEST-71548] 국내거주자인데 휴대전화가 없는 경우 -> 지원불가하도록 처리,2025-07-28,16,3,0.7,1.0,0.8,0.7,0.5,76,A
bd3184d61a87,ㅂㅈㅇ,방어로직 추가 (보안정책 클릭 시  새창으로 안뜨도록 처리),2025-07-28,2,1,0.3,1.0,0.9,0.7,0.5,67,A
0e3be05e97a8,ㅂㅈㅇ,기업로고 NULL 일 경우 대응 및 이미지 로고 데이터 추가 + 적용,2025-07-28,147,3,0.7,0.853,0.6,0.7,0.8,72,A
2b055262be72,ㅇㅎㄱ,ThemeList 에서 LazyColumn 으로 바꾼 후 nextPage 호출 안되는 문제 수정,2025-07-28,63,1,0.3,1.0,0.8,0.8,0.9,70,A
8763372fc66e,ㅇㅎㄱ,스크랩 수정 ( main 갔다와서는 무조건 scrap 을 삭제 후 다시 반영 하게 함),2025-07-28,9,2,0.9,1.0,0.7,0.65,0.5,79,A
3ceeb9e55b17,ㅇㅎㄱ,DebounceHorizontalPager 0.3 초 적용,2025-07-28,11,1,0.3,1.0,0.3,0.4,0.9,52,B
ba0a6f53d635,ㅇㅎㄱ,TEST-71883 처음 진입시에 스크랩 체크 안하게 수정 ( 어차피 load 하면서 받아오기 때문에 문제 없음) TEST-71845 추천2.0 공고뷰 진입시 앱 리프레시 현상 발,2025-07-28,116,6,0.7,1.0,0.6,0.7,0.5,72,A
23b00ec6b93d,ㅂㅈㅇ,이력서 설정 지원하기 바텀시트가 테마리스트에서 뜨는 경우  스와이프 시 로직 수정,2025-07-27,6,1,0.3,1.0,1.0,0.8,0.7,73,A
edd56f83d17c,ㅂㅈㅇ,[GA] 홈페이지 지원이 스크랩된 항목들도 가상페이지 태깅 처리,2025-07-27,22,1,0.7,1.0,0.6,0.4,0.9,71,A
cdc643b6fd64,ㅂㅈㅇ,[TEST-71882] 탑배너에 %포함된 텍스트인 경우  리스트 진입 시  리스트 미노출,2025-07-27,3,1,0.3,1.0,0.3,0.7,0.7,54,B
c34afea5fc9e,ㅇㅎㄱ,확대보기 시 URL 변경 강제 종료 발생하는 부분 찾아 원인 파악 후 수정,2025-07-25,15,3,0.6,1.0,0.6,0.8,0.5,70,A
a146c06aa1b1,ㅂㅈㅇ,[TEST-71704] 단일 테마인 경우  최대 노출가능 20개로 변경,2025-07-25,78,4,0.6,1.0,0.6,0.7,0.6,70,A
85ef908914c4,ㅂㅈㅇ,[슬랙로그] 공고상세 > URL 데이터 가공,2025-07-25,13,2,0.7,1.0,1.0,0.4,0.5,77,A
e22e84ea3488,ㅂㅈㅇ,작업 진행 중,2025-07-25,8,1,0.3,1.0,0.3,0.4,0.7,50,B
edb210f4f264,ㅇㅎㄱ,no message,2025-07-25,2,1,1.0,1.0,0.3,0.4,0.5,68,A
f5adea8d6b60,ㅇㅎㄱ,로딩 다이얼로그 15초 후 자동 취소되도록 수정. GA 수정,2025-07-25,20,2,0.7,1.0,0.3,0.8,0.6,66,A
f599979827cb,ㅂㅈㅇ,[TEST-71836] 공고마감기간 0 분일 경우  미노출 처리,2025-07-25,7,1,0.3,1.0,1.0,0.7,0.7,72,A
3c19763dae13,ㅇㅎㄱ,페이지 GA 호출 수정 이벤트 GA 호출 수정,2025-07-25,479,26,1.0,0.608,0.5,0.8,0.4,71,A
fb931120a35f,ㅂㅈㅇ,보안 블록 페이지에서는 재로드하지 않도록 무한 루프 방지,2025-07-25,27,1,0.3,1.0,0.6,0.4,0.9,59,B
8f0a4e482434,ㅂㅈㅇ,슬랙 로그 데이터 보완,2025-07-24,67,2,0.7,1.0,1.0,0.4,0.8,80,S
8b271944f31d,ㅇㅎㄱ,PAGE GA 수정 (생각보다 수정이 많음.),2025-07-24,395,31,1.0,0.782,0.4,0.8,0.4,72,A
96b1caa260e9,ㅂㅈㅇ,AI 추천 메인화면 5xx 서버에러 시  텅 페이지 노출,2025-07-24,53,3,0.7,1.0,0.6,0.4,0.6,68,A
ad9a8db48262,ㅂㅈㅇ,[TEST-71836] 공고상세 > DeadLine 이 0 인 경우 오늘마감 미노출,2025-07-24,8,1,0.3,1.0,0.9,0.7,0.7,69,A
f4fd068046b6,ㅇㅎㄱ,상세 화면 좌우측 버튼 선택 및 페이징에 딜레이 삭제 (기존 딜레이 0.3 초는 존재),2025-07-24,21,1,0.3,0.724,0.3,0.25,0.9,44,B
82ef2b973bc1,ㅂㅈㅇ,상세화면 슬랙 로그 차단,2025-07-24,2,1,0.7,1.0,0.3,0.4,0.5,60,A
88b3b35d2a99,ㅂㅈㅇ,네이티브는 로그인되어있지만 웹 토큰이 유효하지않은 경우  로그인 처리,2025-07-24,8,1,0.3,1.0,0.3,0.4,0.7,50,B
064ebb0c3473,ㅇㅎㄱ,광고 로직 변경 내부 데이터 변경 Data Source 위치로 변경,2025-07-24,107,5,1.0,1.0,0.8,0.4,0.6,82,S
4440ac9de16b,ㅂㅈㅇ,AI추천 에러화면 Build Up,2025-07-24,92,1,0.3,0.978,0.3,0.4,0.9,51,B
e316e6bc2edf,ㅂㅈㅇ,온보딩 1단계를 제외하고 중도 이탈 시  모두 리프레시하도록 처리,2025-07-24,27,3,0.7,1.0,0.6,0.4,0.5,67,A
b86be2019987,ㅂㅈㅇ,온보딩 여부 값 AI 추천탭 눌렀을 때  무조건 리프레시 되도록 수정 ( onCreate  onNewIntenT ),2025-07-24,25,4,0.7,0.914,0.4,0.8,0.5,66,A
b9000947cc91,ㅂㅈㅇ,AI추천 공고상세  웹뷰 클릭 시  별도 처리,2025-07-24,68,1,0.3,1.0,0.6,0.4,0.9,59,B
656a8484ef1c,ㅇㅎㄱ,상세 화면 페이저 좌우 클릭 1.3 초 페이저 스와이프 1.3 초 막게 수정,2025-07-24,161,3,0.7,1.0,0.6,0.8,0.8,76,A
2560e348f5ee,ㅇㅎㄱ,Text 표시 방법 변경 ( 최대 2줄 까지 넣어야 해서),2025-07-24,124,3,0.3,0.938,0.5,0.4,0.8,54,B
b410a3565a3d,ㅂㅈㅇ,[TEST-71816] 12이하인 경우 별도 블러처리,2025-07-23,177,1,0.7,0.925,0.6,0.7,0.9,74,A
c2c9ce6caacb,ㅂㅈㅇ,feat: AI 추천 뷰 로그 시스템 구현 및 슬랙 연동 ( 기본 로깅모드는 비활성화 ),2025-07-23,97,2,0.6,0.988,0.6,0.8,0.8,73,A
30b99410e5a3,ㅂㅈㅇ,기본 로그모드 OFF 상태  로깅 테스트 앱 제공 시 활성화 필요,2025-07-23,66,4,0.9,0.909,0.8,0.4,0.6,77,A
a68d21cd4e28,ㅂㅈㅇ,기타 이슈처리 및 뷰로그 작업 완료,2025-07-23,257,6,0.7,0.804,0.4,0.4,0.5,58,B
293b582b5783,ㅇㅎㄱ,Detail 이나 onBoarding 에 subText가 있을 경우 노출 추가,2025-07-23,26,3,0.7,1.0,0.5,0.7,0.5,69,A
8414da16f554,ㅇㅎㄱ,광고 갱신 수정 광고 다른 탭으로 이동 후 돌아오면 갱신 mainList 로드 데이터 한 후 처음 위치로 scroll 됐었는데 -> loadData 수행 하기 전에 처음 위치로 s,2025-07-23,19,3,0.7,1.0,0.8,0.8,0.5,78,A
e4dbde41bf68,ㅇㅎㄱ,TEST-71784 공고뷰 진입 후 뒤로가기 시 ios와 동작 다름 수정 웹뷰 이슈 확인용 코드 추가 (주석 처리  기록 용으로 커밋하였습니다.) 공고 노출 조건 확인 후 노출 할,2025-07-23,117,4,0.7,1.0,0.6,0.7,0.6,73,A
e5f4b52c5075,ㅂㅈㅇ,이력서 설정화면 >  에러핸들러 처리,2025-07-22,46,2,0.7,1.0,0.5,0.4,0.8,68,A
c55629bee919,ㅇㅎㄱ,TEST-71760 비로그인 > 추천 더보기 화면에서 로그인 시도 > 추천 메인 이동 시 화면 새로고침 문의 TEST-71773 공고뷰>직무 많은 경우 펼치기 화면에서 5줄 이후 ,2025-07-23,33,4,0.3,1.0,0.8,0.7,0.5,64,A
022538b7ac79,ㅇㅎㄱ,테마 리스트에서 애니메이션 삭제된 부분 다시 추가하고 나니 정상적으로 보이는 리스트 카운팅을 못해서 onGloballyPositioned 사용해서 수정 하였습니다.,2025-07-23,168,3,0.7,1.0,0.5,0.65,0.8,71,A
ec01889b8ec8,ㅇㅎㄱ,디자인 이슈 수정,2025-07-22,14,3,0.3,1.0,0.8,0.8,0.5,66,A
f2cd9085955c,ㅇㅎㄱ,잘 못된 수정으로 애니메이션이 동작하지 않는 문제 수정,2025-07-22,97,2,0.3,1.0,0.3,0.8,0.8,57,B
9eb58688d395,ㅇㅎㄱ,현재 노출 아이템 알려주는 VisibleItemsTracker 업데이트 수정,2025-07-22,120,8,0.9,1.0,0.6,0.8,0.5,79,A
d6af46345219,ㅇㅎㄱ,현재 보이는 아이템 트래커 수정 중입니다.,2025-07-22,350,10,0.9,0.992,0.4,0.8,0.4,73,A
016d55fd835a,ㅂㅈㅇ,하단 탭 구성 변경 AI 추천 추가 및  커리어 탭 제거,2025-07-22,52,5,0.7,1.0,0.3,0.55,0.6,63,A
4151151e3da2,ㅇㅎㄱ,디자인 수정,2025-07-22,4,1,0.3,1.0,0.3,0.8,0.7,56,B
79fa36f21bc3,ㅇㅎㄱ,리프레시 할 때에 loadData 타도록 수정,2025-07-21,43,1,0.7,1.0,1.0,0.8,0.9,87,S
e6e8040644d4,ㅂㅈㅇ,개인회원 아닌 경우  홈페이지 지원 클릭 시  로그인 유도,2025-07-21,28,1,0.3,1.0,0.8,0.4,0.9,64,A
0005c84cbbc7,ㅂㅈㅇ,[TEST-71720] 상세요강 HTML 영역 수정,2025-07-21,10,1,0.3,1.0,0.8,0.7,0.9,68,A
a9e0ff1b8413,ㅇㅎㄱ,디자인 가이드 수정,2025-07-21,300,11,0.3,1.0,0.5,0.8,0.4,58,B
be4743b42514,ㅂㅈㅇ,개인회원 로그인이 아닌 경우 20 개 노출,2025-07-21,4,2,0.3,1.0,0.9,0.4,0.5,62,A
4524b5c8474a,ㅇㅎㄱ,잘못 수정된 부분이 있어 해당 부분 수정 합니다.,2025-07-21,7,2,0.3,1.0,0.3,0.8,0.5,54,B
f0606c53b3c7,ㅇㅎㄱ,TEST-71692 [mts2/AOS] 추천 TOP 랭킹 더보기 > 헤더 타이틀 문구 줄바꿈 됨 TEST-71684 테마 영역에 포커싱된 상태 > 다른 탭(원픽/커리어/MY) 이동,2025-07-21,35,5,0.7,1.0,0.4,0.7,0.5,66,A
92e7c9c0354c,ㅂㅈㅇ,스와이프를 완료하면 햅틱 피드백이 제공,2025-07-21,5,1,0.3,1.0,0.3,0.4,0.7,50,B
4e81c0f4cc5f,ㅂㅈㅇ,[TEST-71650] 온보딩 > 상시모집 텍스트  컬러 이슈 수정,2025-07-21,2,1,0.7,1.0,0.3,0.7,0.5,64,A
e5800de17f51,ㅂㅈㅇ,로티 커스텀 당기기 Pull To Refresh  -> 각 화면 적용,2025-07-21,182,7,0.7,0.754,0.6,0.4,0.5,62,A
7109121e6b83,ㅇㅎㄱ,메인 리스트 앵커 이벤트 및 로직 수정 (테스트. 하여 확인),2025-07-21,69,4,0.7,1.0,0.6,0.8,0.6,74,A
696ceddee6f9,ㅇㅎㄱ,TEST-71516 디자인 1차 검수 수정 TEST-71678 동일계정 노출 공고 os 별 다름 수정 TEST-71666 추천 메인 > 테마 탭 미노출 TEST-71667 추천 메,2025-07-21,448,14,0.7,1.0,0.5,0.7,0.4,68,A
ee234198c3da,ㅂㅈㅇ,[TEST-71650] 온보딩 공고카드 '상시모집' 이슈처리,2025-07-21,19,1,0.7,1.0,0.2,0.7,0.9,66,A
2814848f4328,ㅂㅈㅇ,홈페이지지원 버튼 클릭 시  로그인 유도팝업 띄우도록 처리,2025-07-21,24,2,0.7,1.0,0.8,0.4,0.6,73,A
a731e05da791,ㅂㅈㅇ,[TEST-71674] 불규칙적으로 비로그인 상태에서 바텀시트 뜨는 이슈 -> 비로그인 경우 안뜨도록 방어로직 추가,2025-07-21,5,1,0.3,1.0,0.7,0.7,0.7,64,A
fdab993c32a8,ㅂㅈㅇ,[TEST-7510] 해외거주자 휴대폰이없습니다 로 노출되는 이슈,2025-07-21,4,2,0.7,1.0,0.9,0.7,0.5,79,A
12873ba3d330,ㅇㅎㄱ,더보기 영역 메세지 titleSub 로 내려올 예정,2025-07-21,2,1,0.3,1.0,0.3,0.4,0.5,48,B
c88a7af794da,ㅇㅎㄱ,메인 리스트 이동 시 처음 이동거리를 더 줄여서 더 자연스럽게 이동할 수 있도록 수정,2025-07-21,41,3,0.7,1.0,0.5,0.8,0.6,72,A
ac6a464c62c6,ㅇㅎㄱ,이슈 수정,2025-07-20,301,15,0.7,0.952,0.6,0.8,0.4,71,A
ce470de520b4,ㅂㅈㅇ,햅틱 기능 추가,2025-07-20,6,2,0.7,1.0,0.7,0.7,0.5,74,A
fc624e16eaf7,ㅂㅈㅇ,버튼 클릭 시  햅틱 기능 추가,2025-07-20,43,4,0.7,0.859,0.5,0.7,0.6,67,A
b6b35960636b,ㅇㅎㄱ,중복 click 방지  Extension 들 정리,2025-07-20,657,4,0.7,0.547,0.7,0.3,0.6,60,A
e92454f2dc8d,ㅇㅎㄱ,mainList 동작 수정 ( 스티키 앵크 추가 및 선택에 따라 동작 하도록 수정 ),2025-07-20,885,7,0.7,0.909,0.5,0.8,0.5,69,A
3e9351f8af55,ㅂㅈㅇ,[TEST-71579] 리스트 > 지원 가능한 건 + 불가능한 건  선택 후 지원 시  다이얼로그  토스트 모두 노출,2025-07-20,4,1,0.9,1.0,0.7,0.7,0.7,82,S
57989d9a2e4b,ㅂㅈㅇ,[TEST-71566] 리스트 > 선택한 건이 1건이면서 홈페이지지원인 경우.  홈페이지이동 처리,2025-07-20,23,1,0.7,1.0,0.8,0.7,0.9,80,S
0ac956f98adb,ㅂㅈㅇ,바텀시트 띄우는 로직 변경 (프로필 보유여부 값도 체크),2025-07-20,17,1,0.9,1.0,0.8,0.4,0.9,82,S
d057b289d84d,ㅂㅈㅇ,공통버튼 애니메이션 효과 및 온보딩 애니메이션효과 적용,2025-07-20,71,3,0.7,0.958,0.6,0.4,0.8,69,A
74345eafd7f1,ㅂㅈㅇ,기업에서 개인로그인 시   스플릿바 상태변경되도록 처리,2025-07-19,26,2,0.7,1.0,0.8,0.4,0.6,73,A
51e5499eeb6f,ㅂㅈㅇ,유저 이력서 설정 값  기업회원일 경우는 제외,2025-07-19,2,1,0.9,1.0,0.9,0.4,0.5,81,S
0c42a207e378,ㅂㅈㅇ,[TEST-71505] 간편지원설정 안되어있는 경우  간편지원 버튼 클릭 시 로직 수정,2025-07-19,117,12,0.9,0.889,0.8,0.7,0.5,80,S
6df27db64c00,ㅂㅈㅇ,[TEST-71650] 온보딩 카드 공고 요약정보 이슈 처리,2025-07-18,15,2,0.7,1.0,0.8,0.7,0.5,76,A
76d857ee96a7,ㅂㅈㅇ,네이밍 변경 및  연락처 정보 로그인 사용자 메모리 정보에 추가,2025-07-18,94,5,0.9,0.819,0.6,0.7,0.6,75,A
b1f600ed76cf,ㅇㅎㄱ,TEST-71586 리스트에서 태그에 상시채용 표시 안되는 문제 수정,2025-07-18,34,5,0.3,1.0,0.8,0.7,0.5,64,A
6e0edf086fe3,ㅇㅎㄱ,테마 리스트에서 아이템 불러오고 난 후에 apply  scrap 싱크를 해주는 구문이 필요 하며 check 유지 해야 해서 수정,2025-07-18,2,1,0.7,1.0,0.3,0.8,0.5,66,A
6d25d6510fc7,ㅂㅈㅇ,카드 날짜 포맷 변경,2025-07-18,25,1,0.7,0.783,0.6,0.4,0.9,67,A
d27ca74afb33,ㅇㅎㄱ,날짜 표시 수정 (D 및 시간 표시 로직 수정),2025-07-18,40,2,0.3,1.0,0.8,0.8,0.8,69,A
be6e542761d4,ㅇㅎㄱ,onApplyStart 다시 안써서 삭제,2025-07-18,7,3,0.3,0.914,0.15,0.25,0.5,40,B
a16a6b9c3f9a,ㅇㅎㄱ,지원 및 스크랩 시 로딩 화면 노출 상세 화면 아래 웹뷰 노출 전 스켈레톤 노출 하게 수정,2025-07-18,316,15,0.9,0.959,0.6,0.8,0.4,77,A
5745def97a14,ㅂㅈㅇ,서치펌 회원 탭바 구현 + 직무선택을 한사람은 온보딩 인디케이터 비노출,2025-07-18,89,5,0.7,0.8,0.5,0.7,0.6,66,A
10fcc5418033,ㅇㅎㄱ,TEST-71640 테마별 더보기 > 다중 공고 체크 후 스크롤 시 초기화되는 현상 TEST-71628 추천 메인 > 하단 푸터 선택 시 푸터에 효과 적용 됨 TEST-71627 ,2025-07-18,336,16,0.7,1.0,0.5,0.7,0.4,68,A
c5c8edb2ccb2,ㅂㅈㅇ,기업회원 스플릿바 UI 구성 ( TODO : 서치펌도 작업필요 ),2025-07-18,189,4,0.7,0.793,0.5,0.4,0.6,61,A
f25658227e6b,ㅂㅈㅇ,이력서 설정 바텀시트에서 이력서아이디 업데이트 안되는 이슈 처리  + 파라미터 네이밍 변경,2025-07-18,69,7,0.7,1.0,0.6,0.4,0.5,67,A
5672ef78cbbb,ㅂㅈㅇ,텍스트 기타 이슈 처리,2025-07-17,19,1,0.3,1.0,0.3,0.4,0.9,52,B
8200b188a62c,ㅂㅈㅇ,[TEST-71548] 이력서 세팅 > 해외거주여부 API 변경 및,2025-07-17,53,8,0.9,1.0,0.6,0.7,0.5,78,A
6765cb22f85d,ㅂㅈㅇ,[TEST-71584] 스크랩 시  UI 및 데이터 동기화,2025-07-17,9,1,0.3,1.0,0.3,0.7,0.7,54,B
461241496bbf,ㅂㅈㅇ,[TEST-71332] 공고뷰 근무지 주소 모두 노출   [TEST-71584] 스크랩 시  UI 및 데이터 동기화,2025-07-17,39,5,0.9,1.0,0.6,0.7,0.5,78,A
f2d0cc957b98,ㅇㅎㄱ,테마 리스트에서 applyAndScrapSync 할 때에 기존 check 유지 하는 로직 추가,2025-07-17,42,3,0.7,1.0,0.8,0.7,0.6,77,A
c2fb73839c87,ㅇㅎㄱ,로딩 바 노출 ( 임시 노출 이라 추후 디자인 적용 하겠습니다. ) QA 수정 후 수정 하겠습니다.,2025-07-17,709,13,0.7,0.868,0.4,0.8,0.4,64,A
4dcb0ec3562f,ㅇㅎㄱ,https://jira.jobkorea.co.kr/browse/TEST-71518 수정 상세 쪽 Response 부분 변경 ContentDate 로 받게 수정.,2025-07-17,53,7,1.0,0.908,0.6,0.9,0.5,82,S
b400e8023e61,ㅂㅈㅇ,디자인 및 이력서 설정 이슈 처리,2025-07-17,26,3,0.7,1.0,0.8,0.4,0.5,72,A
36ae087db15a,ㅇㅎㄱ,상세화면 홈페이지 지원 시에도 페이지 노출 하도록 수정,2025-07-17,36,7,0.7,1.0,0.3,0.8,0.5,66,A
157534efc54e,ㅇㅎㄱ,https://jira.jobkorea.co.kr/browse/TEST-71578 수정,2025-07-17,6,2,0.7,1.0,0.3,0.9,0.5,67,A
0d1d63d4ae29,ㅇㅎㄱ,..외 *건 빠짐,2025-07-17,139,2,0.3,1.0,0.8,0.4,0.8,63,A
8b8d77e148a7,ㅇㅎㄱ,잘못된 커밋 추가 됨,2025-07-17,72,1,0.7,1.0,0.6,0.7,0.9,76,A
0a0e9de2bd2b,ㅇㅎㄱ,Text 계산이 큰 화면에서는 많이 틀어져서 다시 계산하는 로직이 필요해 다른 계산 Text 추가,2025-07-17,553,6,0.7,0.852,0.5,0.7,0.5,66,A
c33a609e1d1a,ㅂㅈㅇ,AI추천 딥링크 작업 완료,2025-07-17,116,5,0.7,0.831,0.6,0.4,0.6,65,A
e59f6874575b,ㅇㅎㄱ,https://jira.jobkorea.co.kr/browse/TEST-71517 수정 https://jira.jobkorea.co.kr/browse/TEST-71539 수정,2025-07-16,58,2,0.3,1.0,0.6,0.9,0.8,66,A
4806177c98f0,ㅂㅈㅇ,온보딩 및 디자인 이슈 건 처리,2025-07-16,16,3,0.7,1.0,0.8,0.4,0.5,72,A
19f8ee32a68b,ㅂㅈㅇ,기타 QA 건 처리,2025-07-16,84,3,0.7,1.0,0.4,0.4,0.8,65,A
c8d275197589,ㅇㅎㄱ,https://jira.jobkorea.co.kr/browse/TEST-71497 수정 AnimatedItemList 수정하여 삭제 시 사라지는 애니메이션 수정 (iOS 와 동일하,2025-07-16,93,6,0.7,1.0,0.6,0.75,0.5,72,A
034ce3c75805,ㅂㅈㅇ,이력서 설정 변경버튼 디자인 수정,2025-07-16,10,1,0.3,1.0,0.3,0.8,0.9,58,B
4b3722ccd9fc,ㅇㅎㄱ,https://jira.jobkorea.co.kr/browse/TEST-71516 수정,2025-07-16,75,4,0.6,0.95,0.8,0.9,0.6,76,A
36df2043a589,ㅂㅈㅇ,[TEST-71483] 공고 조회/스크랩 > 추천 2.0 진입 시 온보딩 노출되는 이슈 수정,2025-07-15,30,3,0.9,1.0,0.6,0.7,0.6,78,A
56dc6307f8fb,ㅂㅈㅇ,연락처 변경 시  오로지 숫자만 입력가능하게끔 변경,2025-07-15,2,1,0.3,1.0,0.3,0.4,0.5,48,B
1dbf4b37f8a4,ㅇㅎㄱ,메인 리스트 스크롤 애니메이션 수정 (expand 도우 scroll 들어와도 정상 동작 하도록 수정),2025-07-15,44,2,0.7,1.0,0.15,0.8,0.8,65,A
4042466b672e,ㅂㅈㅇ,비로그인 시 이력서설정 이슈처리,2025-07-15,2,1,0.3,1.0,0.9,0.4,0.5,62,A
92e0a7201818,ㅂㅈㅇ,이력서 설정화면 노출조건 원복,2025-07-15,14,1,0.3,1.0,0.6,0.4,0.9,59,B
93f5ecfab696,ㅂㅈㅇ,[TEST-71491 TEST-71452 ]편지원이력서 없는 경우 밀어서지원하기 시  스크랩  파일명 말줄임 이슈 처리,2025-07-15,24,2,0.3,1.0,0.8,0.7,0.6,66,A
8b327fd696df,ㅇㅎㄱ,https://jira.jobkorea.co.kr/browse/TEST-71481 수정 (추천2.0메인 > 카드 텍스트 가독성 확인) https://jira.jobkorea.co.,2025-07-15,68,5,0.3,1.0,0.3,0.9,0.6,56,B
37a9d5a49c1b,ㅂㅈㅇ,기타 이슈 건 처리,2025-07-15,20,4,0.7,1.0,0.6,0.4,0.5,67,A
b5bfcf933665,ㅇㅎㄱ,상세 화면에서 웹뷰 갱신하면서 계속 UI 사라져 버리는 문제 수정 상세 화면에서 스크랩 갱신 문제 수정,2025-07-15,313,6,0.9,0.947,0.5,0.8,0.5,75,A
72aaea2c112a,ㅂㅈㅇ,onNewIntent 온보딩 필요여부 체크,2025-07-15,8,1,0.3,1.0,0.8,0.4,0.7,62,A
d150305c93ec,ㅂㅈㅇ,슬랙 로그 매니저 구현,2025-07-15,69,1,0.7,1.0,0.6,0.7,0.9,76,A
d96f4df5906c,ㅂㅈㅇ,이력서 설정 버튼은 상시노출로 변경,2025-07-15,3,1,0.3,1.0,0.15,0.4,0.7,46,B
fca2d1d4a6a9,ㅂㅈㅇ,TEST-71467 	TEST-71449  간편지원 설정화면 수정,2025-07-15,74,2,0.7,1.0,0.6,0.7,0.8,75,A
f80a7a5dd1ac,ㅇㅎㄱ,터치 때문에 스크롤 정상적으로 안되는 문제가 있어 해당 부분은 추후 수정 필요,2025-07-15,34,1,0.3,1.0,0.8,0.8,0.9,70,A
abc75231c986,ㅇㅎㄱ,최초 진입시 드래그 차단되는 문제 수정,2025-07-15,32,3,0.7,1.0,0.8,0.8,0.6,79,A
4c08375d162f,ㅂㅈㅇ,테마리스트에서 Back 에 대한 예외 케이스 추가,2025-07-14,32,1,0.3,1.0,0.6,0.7,0.9,64,A
8cc2e1759c4d,ㅇㅎㄱ,위로 올라가는 시점에도 자연스럽게 스크롤 되도록 수정,2025-07-14,26,1,0.3,1.0,0.8,0.8,0.9,70,A
189054d33c54,ㅂㅈㅇ,Request Body 시리얼라이즈네이밍 필수 명시 + 온보딩 기업로고 이미지 실패케이스 작업,2025-07-14,102,5,0.7,0.926,0.5,0.4,0.6,64,A
8e711fbef1da,ㅇㅎㄱ,위치를 맞추기 위해 애니메이트를 추어서 맞추게끔 수정,2025-07-14,2,1,0.3,1.0,0.3,0.8,0.5,54,B
f7834840345e,ㅇㅎㄱ,git 이슈로 수정,2025-07-14,445,5,0.3,0.774,0.4,0.8,0.6,52,B
a56c195403ec,ㅇㅎㄱ,no message,2025-07-14,326,1,0.3,0.836,0.15,0.4,0.9,44,B
ede89d17bf96,ㅇㅎㄱ,git 이상으로 수정 중,2025-07-14,330,2,0.3,0.841,0.4,0.8,0.8,56,B
a4da9d954dbe,ㅇㅎㄱ,리스트 commit 갱신이 안되서 파일 재생성,2025-07-14,2,1,0.3,1.0,0.15,0.4,0.5,44,B
c7b520e2d57d,ㅇㅎㄱ,메인 리스트  테마리스트 갱신 로직 추가 리스트 애니메이션 수정,2025-07-14,1376,16,0.9,0.565,0.4,0.8,0.4,64,A
423fb9a90c0e,ㅂㅈㅇ,공고상세에서 스크랩 진행 시  기업로그인 유저에게는  로그인 유도,2025-07-14,9,1,0.3,1.0,0.8,0.4,0.7,62,A
ed504758ebd5,ㅂㅈㅇ,[TEST-71443] 온보딩 12자처리,2025-07-14,5,2,0.7,1.0,0.9,0.7,0.5,79,A
cef6fa0cc73f,ㅂㅈㅇ,기업회원 이력서 설정 진입 시  로그인팝업,2025-07-14,14,1,0.3,1.0,0.9,0.4,0.9,66,A
8a699007deb8,ㅂㅈㅇ,기업로그인 시  스크랩 온보딩 지원 시  컨펌 팝업 뜨도록 수정,2025-07-14,96,7,0.7,0.966,0.8,0.8,0.5,77,A
242d799d909a,ㅂㅈㅇ,"기업회원이 이력서 설정 진입 시  컨펌 띄우기 (""개인회원 로그인 후 이용해주세요"")",2025-07-14,23,3,0.7,1.0,0.8,0.4,0.5,72,A
d139a8563e7d,ㅇㅎㄱ,UI 수정,2025-07-14,16,2,0.3,1.0,0.3,0.8,0.5,54,B
9ef33b4c3ce2,ㅇㅎㄱ,api 값 deadline -> deadLine 수정,2025-07-14,21,6,0.7,0.819,0.8,0.8,0.5,74,A
2f8c60f0e269,ㅇㅎㄱ,AnimatedItemList 만들어서 지원 시 애니메이션 적용 (우선 Fadeout 만 적용 Fade in  offset 까지 다 해볼라고 했는데... 안됐습니다.),2025-07-14,224,4,0.7,1.0,0.6,0.4,0.6,68,A
984ac6ef3034,ㅂㅈㅇ,기업회원  서치펌 회원이 스크랩 시도 시  로그인화면 노출,2025-07-14,9,2,0.9,1.0,1.0,0.4,0.5,83,S
ecf5354c2e6a,ㅂㅈㅇ,온보딩 결과화면 로티 적용,2025-07-14,34,1,0.7,1.0,0.3,0.4,0.9,64,A
4620f89529ca,ㅂㅈㅇ,[TEST-71423] 온보딩 모두 싫어요 진행 시  결과화면으로 이동처리,2025-07-14,16,1,0.7,1.0,0.15,0.7,0.9,64,A
58a2b4a06ca9,ㅂㅈㅇ,[코드리뷰 피드백 반영]  인덱스가 리스트 범위를 벗어날 때나  리스트나 아이템이 NULL일 경우 메세지 대응,2025-07-14,13,1,0.3,1.0,0.3,0.4,0.9,52,B
4b0df2641ade,ㅂㅈㅇ,광고배너 max Height 80 으로 변경,2025-07-14,8,2,0.3,1.0,0.3,0.4,0.5,48,B
017e00d2e66e,ㅂㅈㅇ,[TEST-71410  71332] 메인텍스트 타이틀 중복 및 광고배너 스켈레톤 추가,2025-07-14,48,3,0.3,1.0,0.5,0.7,0.6,58,B
0255b8a9125f,ㅂㅈㅇ,[TEST-71407] 추천메인   온보인 진입 버튼에 NULL 표기이슈 수정,2025-07-14,3,1,0.3,1.0,0.3,0.7,0.7,54,B
fa60d283b8e9,ㅂㅈㅇ,[TEST-71412] 테마 디폴트 컬러 오류 추가,2025-07-14,5,3,0.3,1.0,0.3,0.7,0.5,52,B
795b1e58004d,ㅇㅎㄱ,기존 테스트 했던 코드 돌려놓음,2025-07-14,44,1,0.3,1.0,0.3,0.4,0.9,52,B
d0dcabeedee4,ㅇㅎㄱ,앱 테마 변경으로 배경색 설정 상세에서 배경이 회색으로 나오는 문제가 있어 수정 하였습니다.,2025-07-14,39,3,0.3,1.0,0.3,0.8,0.6,55,B
38e5a12f6cfe,ㅇㅎㄱ,상세 화면 들어와서 네이티브 안나오는 문제 해결 위해 스크롤 트리거를 통해 진입 후 최초 1회 살짝 움직여 주는 로직 추가,2025-07-14,75,2,0.3,1.0,0.5,0.7,0.8,60,A
d2cd474fce20,ㅂㅈㅇ,기타 수정,2025-07-13,4,1,0.3,1.0,0.15,0.8,0.7,52,B
64075079df96,ㅂㅈㅇ,이력서 바텀시트 스켈레톤 뷰 추가,2025-07-13,518,2,0.3,0.674,0.4,0.7,0.8,51,B
1bac57856912,ㅇㅎㄱ,refresh 기능 추가,2025-07-13,128,3,0.7,1.0,0.6,0.7,0.8,75,A
9a8c1bb30236,ㅇㅎㄱ,광고 수정 (광고 유지될 수 있도록 수정),2025-07-13,190,5,0.9,1.0,0.6,0.8,0.6,80,S
18fef58c4209,ㅇㅎㄱ,테마 리스트에서 지원 시 날아가지 않는 문제 수정 상세에서 버튼 갱신 안되는 문제 수정,2025-07-13,41,6,0.7,1.0,0.8,0.8,0.5,78,A
e131a18534bb,ㅂㅈㅇ,이력서 아이디가 없는 경우에는 스크랩되게끔 동작,2025-07-13,20,2,0.7,1.0,0.8,0.4,0.6,73,A
f95706ab9a97,ㅂㅈㅇ,이력서 설정 바텀시트 띄우는 기준 수정,2025-07-13,74,10,0.9,0.856,0.6,0.8,0.5,76,A
aa94d07faa45,ㅂㅈㅇ,비로그인유저가 공고상세에서 스크랩 시도 시   로그인화면 노출되도록 수정,2025-07-13,46,2,0.7,1.0,0.8,0.8,0.8,81,S
86a74b96f560,ㅂㅈㅇ,스와이프 시도 시 팝업 추가,2025-07-13,36,3,0.7,1.0,0.6,0.7,0.6,73,A
90798c479ead,ㅂㅈㅇ,해외거주 이슈 수정,2025-07-13,78,6,1.0,0.957,0.6,0.8,0.5,81,S
124cef3105f3,ㅂㅈㅇ,요청자 : ㅇㅎㄱ / 이력서 아이디 갱신하는 로직 추가,2025-07-13,96,10,1.0,0.83,0.6,0.7,0.5,77,A
53131a7e0512,ㅂㅈㅇ,간편지원 버튼 클릭 시  로그인화면 추가,2025-07-12,12,2,0.7,1.0,0.8,0.7,0.5,76,A
db92ca6acc16,ㅂㅈㅇ,스와이프 지원 시  비로그인인 경우 로그인화면 노출 로직,2025-07-12,79,2,0.7,1.0,0.6,0.4,0.8,70,A
72e00f8554fd,ㅇㅎㄱ,공유 하기 추가  당겨서 새로고침 추가 상세에서 원픽 이미지  추가 스크랩 해제시 토스트 미노출 되게 수정 기타 수정,2025-07-13,719,15,0.7,0.855,0.5,0.8,0.4,67,A
fe2dfbe1e61d,ㅇㅎㄱ,밀어서 지원하기 버튼 초기 위치 설정되도록 수정 상세보기 - 위로 올리기 FAB 추가   - 공유 하기 버튼 추가   - 페이징 처리 문제 수정,2025-07-12,329,10,0.9,0.968,0.4,0.8,0.4,72,A
be83c3e5b2cc,ㅇㅎㄱ,리스트 우선 애니메이션 삭제 메인 리스트 및 더보기 리스트에서 지원하기 및 스크랩 시 갱신 안되는 문제 수정,2025-07-12,1590,18,0.9,0.812,0.5,0.65,0.4,69,A
77def8c4f63e,ㅂㅈㅇ,이력서 바텀시트 오픈 애니메이션 속도 변경,2025-07-12,4,1,0.3,1.0,0.3,0.4,0.7,50,B
88dfc1dd0f43,ㅂㅈㅇ,Modifier 전용 Extension 으로 분류,2025-07-12,85,2,0.7,1.0,0.5,0.4,0.8,68,A
a72025a6772e,ㅂㅈㅇ,브랜드스토리 버튼 클릭 이슈 해결 및 폴드 화면변경 이슈 해결,2025-07-12,25,2,0.3,0.927,0.6,0.4,0.6,55,B
2d1c273733b5,ㅂㅈㅇ,로그인 완료 후 메뉴 닫기 (기존 시나리오 동일),2025-07-12,1,1,0.3,1.0,0.3,0.4,0.5,48,B
946a3ccb8f9f,ㅂㅈㅇ,마이페이지  메뉴 스크롤 안되는 이슈 해결 및 기타 이슈 처리,2025-07-11,46,5,0.3,1.0,0.6,0.4,0.5,55,B
02799eb548ba,ㅂㅈㅇ,비로그인 상테에 온보딩 노출되는 이슈 및 메인화면 종속된 서브뷰 클리어 로직 추가,2025-07-11,62,4,0.6,0.727,0.6,0.7,0.6,64,A
f0c503ea4d50,ㅂㅈㅇ,AI추천 네이밍 변경,2025-07-11,4,1,0.3,1.0,0.3,0.4,0.7,50,B
0aaf5217fade,ㅂㅈㅇ,코드리뷰 피드백 반영,2025-07-11,14,4,0.7,1.0,0.8,0.4,0.5,72,A
a192359477b9,ㅂㅈㅇ,AI추천 기타 이슈 처리 및 기능개선,2025-07-11,576,21,0.9,0.952,0.5,0.6,0.4,72,A
e7dc4c47737c,ㅇㅎㄱ,상세 화면에서 지원 시도시 이력서 여부 확인 후 바텀 시트 노출 수정 상세 화면에서 지원된 버튼 변경 업데이트 수정,2025-07-11,132,4,0.7,1.0,0.8,0.8,0.6,79,A
ea94c89ace9c,ㅇㅎㄱ,푸터 추가 웹뷰 로딩 검토 height 값 및 webviewReady 추가 (현재 안쓰는데 나중에 다시 확인하면서 해당 부분 사용할 수 있음),2025-07-10,633,12,0.7,0.858,0.4,0.7,0.4,63,A
93d545a3d1c4,ㅇㅎㄱ,스켈레톤 추가,2025-07-10,1379,14,0.7,0.43,0.4,0.7,0.4,54,B
6b05366cd0af,ㅂㅈㅇ,로그인일 경우 이력서설정 미노출,2025-07-09,21,1,0.3,1.0,0.6,0.4,0.9,59,B
8fb50a30b316,ㅂㅈㅇ,메인화면에서 광고 및 온보딩 미노출되는 이슈 해결,2025-07-09,79,7,0.7,1.0,0.6,0.4,0.5,67,A
d2b8011b364e,ㅂㅈㅇ,기타 이슈 작업 처리,2025-07-09,16,3,0.7,1.0,0.5,0.4,0.5,64,A
55d0a94a1efe,ㅂㅈㅇ,스크랩 버튼 시  로그인 화면 호출하도록 변경,2025-07-09,31,4,0.9,1.0,0.8,0.4,0.5,78,A
791850e70d57,ㅂㅈㅇ,온보딩 필요여부 데이터 업데이트,2025-07-09,3,1,0.3,1.0,0.3,0.4,0.7,50,B
66df04d9e93f,ㅇㅎㄱ,캐싱 로직 추가 ( 로그인  로그아웃 캐시 따로 관리  만료 관리) 캐시는 만료시  로그인의 경우 로그아웃 시 삭제,2025-07-09,316,3,0.7,0.68,0.5,0.55,0.8,63,A
56831408a9d9,ㅇㅎㄱ,error 시 토스트 띄우는 부분 수정 (임의로 띄웠던 부분이라),2025-07-09,2,1,0.9,1.0,0.15,0.8,0.5,68,A
4d9054dc826c,ㅇㅎㄱ,홈페이지 지원 버튼 클릭시 콜백 연결,2025-07-09,2,1,0.3,1.0,0.3,0.4,0.5,48,B
7ad45e343f8d,ㅇㅎㄱ,지원 API 수정 및 지원 로직 수정 (지원 후 동작 등) 공통 다이얼로그 수정 clickable -> extension 함수 setOnClick (리플 효과 삭제),2025-07-09,568,38,0.9,0.846,0.5,0.65,0.4,70,A
3e361443551f,ㅇㅎㄱ,지원하기 수정 스크랩 수정,2025-07-09,680,17,0.9,0.966,0.5,0.8,0.4,75,A
148b2e703551,ㅂㅈㅇ,이력서 설정 여부에 따라 팝업 유도,2025-07-09,26,3,0.9,0.989,0.8,0.4,0.5,78,A
815e8f57b8f2,ㅂㅈㅇ,AI추천 메인에 종속되어있는 마이페이지 및 메뉴화면 동작가능하도록 처리,2025-07-08,167,4,0.3,0.621,0.5,0.4,0.6,46,B
9bfa734730fd,ㅇㅎㄱ,메인 리스트 자동 열림 수정,2025-07-08,72,2,0.7,1.0,0.6,0.8,0.8,76,A
b30aa9b3a5cc,ㅇㅎㄱ,메인 리스트 동작 수정 (자동 열림) - 엄청 오래 걸림... 메인 리스트 UI 수정 광고 배너 수정,2025-07-08,843,10,0.9,0.803,0.5,0.8,0.4,72,A
04a37cf3b6cd,ㅂㅈㅇ,resumeID 조회 가능하도록 JobActionService 에 적용,2025-07-08,55,4,0.9,0.765,0.6,0.4,0.6,69,A
5bd3bf7e9d83,ㅂㅈㅇ,[코드리뷰 피드백] 요청자 : ㅇㅎㄱ / 주석 및 기타코드 수정,2025-07-08,172,4,0.3,1.0,0.6,0.8,0.6,62,A
7958e9f26d3c,ㅂㅈㅇ,스켈레톤 애니메이션 제거,2025-07-07,56,4,0.7,1.0,0.3,0.15,0.6,57,B
f210797fe162,ㅂㅈㅇ,AI추천 온보딩 디자인 재작업,2025-07-07,75,3,0.7,0.926,0.3,0.4,0.8,61,A
a2fa8fec0ffb,ㅂㅈㅇ,이력서 업데이트 api 연동 및 뷰모델 상태관리 작업,2025-07-07,395,12,1.0,0.864,0.5,0.4,0.4,70,A
7235d255ebda,ㅂㅈㅇ,AI 추천 이력서 설정 바텀시트 구조 작업 및 디자인 작업,2025-07-06,1378,15,0.7,0.743,0.5,0.4,0.4,58,B
6fa0bbe50a7d,ㅇㅎㄱ,스크랩 로직 수정 (scrapAction 시에 응답값을 data class 로 수정)  apply 도 변경 예정 TextStyle 수정 (semibold > w600  medium,2025-07-07,1287,26,0.9,0.757,0.5,0.65,0.4,68,A
d680ad7ca58c,ㅇㅎㄱ,지원 API 수정  지원 기능 수정 중. 이모지 기능 및 이모지들 추가,2025-07-04,1275,24,0.9,0.855,0.5,0.8,0.4,73,A
c39026abaacb,ㅇㅎㄱ,지원 및 스크랩 기능 수정 중,2025-07-03,366,9,0.9,0.96,0.5,0.8,0.5,76,A
6c40b905dc18,ㅇㅎㄱ,상세보기 수정 토스트 팝업 수정 지원하기 및 스크랩 버튼 수정,2025-07-03,189,8,0.7,0.903,0.6,0.8,0.5,71,A
697f1a278328,ㅂㅈㅇ,[코드리뷰 피드백] 요청자 : ㅅㄷㅎ / 포맷형식을 파라미터로 받아서 처리,2025-07-03,66,2,0.3,1.0,0.3,0.4,0.8,51,B
6cdcc8bd829c,ㅂㅈㅇ,[코드리뷰 피드백] 요청자 : ㅇㅎㄱ / 주석 및 기타코드 수정,2025-07-03,7,2,0.7,1.0,0.3,0.8,0.5,66,A
039c3d57472e,ㅂㅈㅇ,[AI추천] 온보딩 디자인 고도화 및 스켈레톤 적용,2025-07-03,434,12,0.7,0.712,0.5,0.4,0.4,58,B
3ae502a9d161,ㅂㅈㅇ,불필요한 코드 제거 및 온보딩 작업  이후 리프레시 작업,2025-07-02,134,7,0.7,0.99,0.5,0.15,0.5,61,A
4dd0c47ddf5d,ㅂㅈㅇ,메인리스트 에러처리 추가,2025-07-01,79,6,1.0,1.0,0.6,0.7,0.5,80,S
17d2645839b8,ㅂㅈㅇ,Error Body 처리를 위한 에러핸들러 수정,2025-07-01,370,11,0.9,0.501,0.6,0.8,0.4,68,A
5a96bf4ab536,ㅇㅎㄱ,toJobKoreaUrl extension 에서 null 일 경우 기본 URL 반환 대응이 있어서 밖에서 null 체크 하지 않아도 되어 let 으로 수정 하였습니다.,2025-07-03,14,3,0.7,1.0,0.3,0.8,0.5,66,A
3efe5dbdc239,ㅇㅎㄱ,AiRepo -> AiReco 변경,2025-07-03,988,8,0.7,0.675,0.2,0.4,0.5,51,B
093edb003fc9,ㅇㅎㄱ,공고 상세 수정 (디자인  기능) CustomToast  CustomDialog 이름 변경,2025-07-02,1391,17,0.7,0.716,0.4,0.8,0.4,61,A
5bc7230468c9,ㅇㅎㄱ,우선 adfit 설정 추가 하여 adfit도나올 수 있도록 수정. 매번 loader 설정할 수는 없으니 ad manager를 만들어서 관리하도록 하겠습니다. 상세보기 디자인 및 기,2025-07-02,416,14,0.7,0.962,0.5,0.8,0.4,69,A
85c75688ad30,ㅇㅎㄱ,추가 이슈 수정 (밀어서 지원하기 동작 수정) API 추가 수정,2025-07-01,28,3,0.9,1.0,0.8,0.8,0.5,84,S
ab11cc121519,ㅂㅈㅇ,특정 OS 이하 오토핏사이즈 텍스트뷰 대응에 대해서는 추후 검토 및 작업,2025-07-01,2,1,0.7,1.0,0.3,0.4,0.5,60,A
4afaa081b5eb,ㅂㅈㅇ,기업로고 디자인 이슈 수정,2025-07-01,23,1,0.7,1.0,0.8,0.8,0.9,82,S
0977630f9997,ㅂㅈㅇ,[코드리뷰 피드백 반영] 요청자 : ㅇㅎㄱ / 주석 추가 및 기타 코드 수정,2025-07-01,27,4,0.7,1.0,0.6,0.8,0.5,73,A
5d3bfda1c41b,ㅂㅈㅇ,[코드리뷰 피드백 반영] 요청자 : ㅅㄷㅎ / 모델 옵셔널 처리 및 불필요한 분기코드 제거,2025-07-01,69,7,0.9,0.845,0.6,0.15,0.5,66,A
15388e7800ad,ㅇㅎㄱ,더보기 및 메인 리스트 디자인 적용 중,2025-06-30,559,19,0.7,1.0,0.5,0.4,0.4,64,A
60f61918e39b,ㅂㅈㅇ,온보딩 카드 애니메이션 수정,2025-06-30,17,1,0.7,0.965,0.15,0.8,0.9,65,A
29cb0ec48ffb,ㅂㅈㅇ,오토사이즈 텍스트뷰 추가,2025-06-30,66,2,0.7,1.0,0.5,0.7,0.8,72,A
3d5dd137f758,ㅂㅈㅇ,AiReco Onboarding 코드 정리 및 디자인 작업,2025-06-30,368,13,1.0,0.943,0.5,0.3,0.4,70,A
94d2aec98108,ㅂㅈㅇ,온보딩 액티비티 생성,2025-06-29,159,6,0.7,1.0,0.5,0.4,0.5,64,A
daa8bc67062e,ㅂㅈㅇ,디자인 재작업,2025-06-28,15,3,0.7,0.914,0.3,0.4,0.5,58,B
099400e03d66,ㅂㅈㅇ,온보딩 디자인 재작업,2025-06-28,999,15,0.7,0.692,0.4,0.4,0.4,55,B
0773aa2e1e00,ㅂㅈㅇ,온보딩 직무 리스트 RC 제거,2025-06-27,22,1,0.7,0.27,0.8,0.15,0.9,58,B
1497bf1f7faa,ㅇㅎㄱ,API 수정 임시 커밋,2025-06-27,245,3,0.9,0.953,0.6,0.8,0.8,81,S
1025dad2a1ca,ㅂㅈㅇ,Onboarding Swagger Api 적용 완료,2025-06-27,890,27,1.0,0.435,0.5,0.4,0.4,61,A
0abaeacd0d0b,ㅇㅎㄱ,Docu 주석 추가,2025-06-27,209,5,0.7,0.493,0.5,0.7,0.6,60,A
dc9c59df59fa,ㅇㅎㄱ,contentList 필터 설정에서 RCR_BAN_LIST_1 비교 문 삭제,2025-06-27,43,1,0.7,0.874,0.3,0.25,0.9,59,B
6836447baede,ㅇㅎㄱ,contentList 책임 Viewmodel 로 이전,2025-06-27,298,4,0.9,0.843,0.6,0.4,0.6,71,A
8dba24785c33,ㅇㅎㄱ,Dimens 삭제 했습니다. ( resource 에 dimen 을 사용하는것이 디바이스 호환성 다양한 화면 크기와 밀도(density)에 대응하기 쉽기 때문) -> 시스템이 자동으,2025-06-26,1603,52,0.9,0.694,0.4,0.65,0.4,65,A
3bee9adeabee,ㅇㅎㄱ,text scale 1로 고정,2025-06-26,5,1,0.3,1.0,0.3,0.4,0.7,50,B
78406b2b0e6c,ㅇㅎㄱ,w600 설정이 잘못되어서 설졍 변경,2025-06-26,93,1,0.3,0.29,0.3,0.4,0.9,37,C
f00bfec5063a,ㅇㅎㄱ,adfit  adPopcorn 추가,2025-06-24,420,5,0.3,0.48,0.4,0.7,0.6,45,B
763b4dd35890,ㅇㅎㄱ,AiRecoController 위치 변경할때 사용하지 않는곳에서의 위치가 변경이 안되었음,2025-06-24,1,1,0.3,1.0,0.15,0.4,0.5,44,B
b27dc88bf26a,ㅂㅈㅇ,[코드리뷰 피드백 반영] 요청자 : ㅅㄷㅎ  ㅇㅎㄱ / SRP 원칙으로 인한 분리 및 기타의견 반영,2025-06-23,19,3,0.7,1.0,0.6,0.4,0.5,67,A
24254fdc8be0,ㅂㅈㅇ,ErrorHandler 주입이 아닌 필요할 때마다 생성하는 구조로 변경 ( 클래스의 생명주기 < 멤버 변수의 생명주기는 이슈 없음),2025-06-20,5,1,0.7,1.0,0.3,0.4,0.7,62,A
4ef97383381b,ㅂㅈㅇ,공통으로 에러 처리가능한 핸들러 추가 (로직 별 특화 에러처리 이후 공통핸들러로 위임),2025-06-20,215,9,1.0,0.765,0.6,0.7,0.5,76,A
2349709bfa18,ㅇㅎㄱ,커밋이 왜 빠졌는지 모르겠지만 해당 커밋 빠져서 추가,2025-06-24,37,1,0.7,1.0,0.15,0.7,0.9,64,A
b6813726d70f,ㅇㅎㄱ,AiRecoController 위치 변경 AiRecoSplitBarViewmodel 에  기능 추가 ( 필요),2025-06-24,217,7,0.7,0.726,0.5,0.7,0.5,64,A
32caeecd3650,ㅇㅎㄱ,우측 상단 메뉴 부분 MainListScreen 에 추가. 하단 탭 메뉴 MainListScreen 에 추가 AIRecoController 위치가 이제 onBoarding 에만 한,2025-06-23,625,13,0.7,0.79,0.4,0.7,0.4,61,A
8ca70347d562,ㅇㅎㄱ,이모지 적용 앱 이미지에 임시 이모지  추가 swipeable 동작 및 UI 수정 (메인 리스트 및 더보기 리스트 영역),2025-06-20,823,14,0.7,0.857,0.5,0.8,0.4,67,A
093d01724596,ㅂㅈㅇ,[코드리뷰 피드백 반영] 요청자 : ㅅㄷㅎ / 주석 보완 및 코드 수정,2025-06-20,18,3,0.7,1.0,0.8,0.8,0.5,78,A
c560e45743cf,ㅂㅈㅇ,요청자 : ㅅㄷㅎ / ActivityViewModel 네이밍 변경 및 종속된 usecase 분리 /  온보딩 여부 플래그 값들은 외부에서 받아오도록 처리,2025-06-19,524,10,0.7,0.722,0.5,0.4,0.4,58,B
0b36ed040639,ㅇㅎㄱ,이미지가 안나와서 이미지 정상적으로 노출될 수 있도록 수정,2025-06-19,157,2,0.3,0.991,0.6,0.8,0.8,64,A
e61b5d47679a,ㅂㅈㅇ,온보딩 디자인 수정,2025-06-19,4,2,0.7,1.0,0.3,0.8,0.5,66,A
7d1e7469a65d,ㅇㅎㄱ,온보딩쪽 추가 중,2025-06-18,76,4,0.9,0.557,0.3,0.7,0.6,62,A
b6fd874dab6c,ㅇㅎㄱ,initialize 부분을 계속 수행하는 문제가 있어서 한번만 수행되도록 수정,2025-06-18,16,2,0.3,1.0,0.3,0.8,0.5,54,B
b6729604b151,ㅇㅎㄱ,잡코리아 API 호출부 POST.외에 다른 GET  PATCH  PUT  DELETE 추가 ContentList Model 추가 AI 추천 전용 API 추가 메뉴 삭제 하단 탭 바,2025-06-18,771,26,1.0,0.633,0.5,0.65,0.4,69,A
2380ba79368e,ㅂㅈㅇ,기타 수정,2025-06-16,9,1,0.3,1.0,0.15,0.8,0.7,52,B
b4158583e764,ㅂㅈㅇ,[코드리뷰 피드백 반영] 요청자 : ㅅㄷㅎ / 필드 공통화  유효성 체크하는 로직 분리,2025-06-16,205,3,0.3,0.945,0.6,0.4,0.8,57,B
becf415d74a6,ㅂㅈㅇ,이력서 간편지원 와이어프레임 구현,2025-06-12,625,9,1.0,0.721,0.5,0.7,0.5,72,A
eda3b9400616,ㅇㅎㄱ,우선 split 바를 추가한 후 IS_RECO_SPLIT_BAR 에 따라 스플릿 바 이동 적용 Detail 에서 activity 이동을 위해 viewmodel 을 전달 받음 공고 ,2025-06-10,798,11,0.7,0.777,0.5,0.8,0.4,65,A
288525307612,ㅂㅈㅇ,바텀시트 주석,2025-06-09,53,2,0.3,0.95,0.3,0.4,0.8,50,B
8606b8c10602,ㅂㅈㅇ,[코드리뷰 피드백 반영] 요청자 : ㅇㅎㄱ  ㅅㄷㅎ / 주석 추가 및 뷰까지 에러 전파하도록 변경,2025-06-09,30,2,0.7,0.83,0.3,0.7,0.6,62,A
a9b47b0aae16,ㅂㅈㅇ,[코드리뷰 피드백 반영] 요청자 : ㅅㄷㅎ / result code 및 데이터가 비어있는 경우 에러로 처리하는 로직을 레포지토리로 이전,2025-06-09,31,2,0.7,1.0,0.8,0.4,0.6,73,A
1eab21c2375d,ㅂㅈㅇ,ApiResult와 ApiException을 통한 에러 핸들링,2025-06-09,64,6,1.0,0.919,0.8,0.4,0.5,79,A
d1c85bcdcebb,ㅂㅈㅇ,바텀시트 콘텐츠 높이에 따라 사이즈 조정,2025-06-06,49,1,0.3,1.0,0.5,0.4,0.9,57,B
ab9224709a34,ㅂㅈㅇ,밀어서 지원 시  바텀시트 팝업 추가,2025-06-05,252,3,0.3,1.0,0.6,0.7,0.8,62,A
8e5efae47001,ㅂㅈㅇ,코드리뷰 피드백 반영 및 이력서 설정 작업 전  Apply Button 및 바텀시트 작업,2025-06-05,638,11,0.7,0.639,0.4,0.4,0.4,54,B
68d2d75f7c4d,ㅇㅎㄱ,다중 선택 및 밀어서 지원하기 수정 메인 리스트와 더보기 리스트 즉시 지원시 바라보고 있는 데이터가 달라  해당 부분 수정 지원 시 좌측으로 사라지는 애니메이션 추가 더보기 리스트,2025-06-09,1132,18,0.9,0.868,0.5,0.8,0.4,73,A
99f6e2c0a359,ㅇㅎㄱ,Text Builder 이슈 수정 및 Text Builder 사용 시 텍스트 시스템 텍스트 크기설정에 따라 최소 0.8 배에서 1.2 배 로 고정 리스트 기획 적용 계속,2025-06-05,764,12,0.9,0.769,0.5,0.8,0.4,71,A
a427d2fe740d,ㅇㅎㄱ,지원  스크랩 추가 및 수정 scrap 및 리스트 관리를 JobActionService 에서 관리,2025-06-02,412,14,0.9,0.798,0.5,0.8,0.4,71,A
706f730bc1e2,ㅂㅈㅇ,코드 충돌 수정,2025-06-02,9,2,0.7,1.0,0.2,0.8,0.5,63,A
a17937bc9b48,ㅂㅈㅇ,온보딩 애니메이션 수정 ( 버튼  계단은 확정 아님 ),2025-06-02,146,3,0.7,1.0,0.6,0.8,0.8,76,A
3d102dd0cdc6,ㅂㅈㅇ,직무상세 최소 넓이 보장,2025-06-01,73,1,0.7,0.991,0.4,0.4,0.9,66,A
0aad05de6eb8,ㅂㅈㅇ,ai추천 온보딩 디자인 작업,2025-05-30,357,7,0.7,0.824,0.5,0.4,0.5,61,A
00dff5464dfc,ㅂㅈㅇ,온보딩 패키지 경로 정리 및 액션버튼 모듈화,2025-05-30,3903,21,0.7,0.411,0.4,0.3,0.4,48,B
533959d25146,ㅂㅈㅇ,스와이프 완료 시  스크롤 위치 값 초기화,2025-05-26,20,1,0.7,1.0,0.3,0.4,0.9,64,A
3941796eaf5f,ㅂㅈㅇ,ApplyButton Include BottomSheet ( Swipe Button Size X),2025-05-25,345,1,0.3,0.811,0.4,0.4,0.9,50,B
bd6d803f061d,ㅂㅈㅇ,Ai Onboarding Design,2025-05-29,1093,12,0.7,0.683,0.4,0.4,0.4,55,B
955815d568f1,ㅇㅎㄱ,지원하기 추가 (기능 추가는 필요) 확장형 카드 아이템 추가 shimmer text 추가및 당겨서 지원에 적용,2025-05-29,605,16,0.7,0.861,0.5,0.7,0.4,65,A
533b5c236525,ㅇㅎㄱ,토스트 애니메이션 유형 받아서 노출될 수 있도록 수정 스크랩 서비스 추가,2025-05-28,888,25,0.9,0.714,0.5,0.8,0.4,70,A
91d2e27ac12b,ㅇㅎㄱ,이미지 변경 svg -> vector image(xml) 이미지 호출 하는 부분 수정 -> else 부분에서 drawable 이나 mipmap 뒤지도록 수정 기능 연결 수정중 AI,2025-05-27,418,16,0.7,0.906,0.4,0.8,0.4,65,A
a3a5262414e9,ㅇㅎㄱ,토스트 팝업 및 커스텀 다이얼로그 추가,2025-05-26,718,16,0.7,0.795,0.4,0.7,0.4,61,A
b428ce51c647,ㅇㅎㄱ,밀어서 지원하기 버튼 추가 추후 가이드 애니메이션 혹시 있을 수 있어 애니메이션을 뷰모델에 선언하여 뷰들에서 구독하게 수정,2025-05-23,512,18,1.0,0.876,0.5,0.8,0.4,76,A
60e0f98ebf63,ㅂㅈㅇ,불필요한 코드 제거 및 로그인 로직 정리 ( 뷰에 존재하는 로직관련된 코드는 시간날 때마다 뷰모델로 옮기도록 하겠습니다 ),2025-05-23,665,24,1.0,0.565,0.5,0.15,0.4,60,A
0969dd824aa6,ㅂㅈㅇ,요청자 : ㅅㄷㅎ / 그리팅메세지 가공처리 뷰모델로 이동,2025-05-23,14,2,0.7,1.0,0.8,0.4,0.5,72,A
458ca266aea9,ㅇㅎㄱ,공통 UI 부분 따로 뺴 놓음 더보기 영역 추가 및 수정 더보기 체크 및 선택에 대한 책임을 가진 뷰모델 작성,2025-05-22,2900,43,1.0,0.406,0.4,0.8,0.4,64,A
5d9e520b51aa,ㅇㅎㄱ,무한 페이저 수정 공고 상세 화면 수정 ( 상단에만 페이저 설정하게 수정 ) 페이저에 따라 아래 내용 변경 수정,2025-05-21,481,7,0.7,0.914,0.5,0.8,0.5,69,A
39061cb8154d,ㅂㅈㅇ,온보딩 공고카드 스크롤 기능 추가 ( 스와이프  스크롤 이벤트 중첩되는 부분은 확인필요 ),2025-05-21,205,1,0.7,0.476,0.5,0.7,0.9,63,A
40e211cc9896,ㅂㅈㅇ,온보딩 애니메이션 적용 및 위젯 분리 및 코드정리  + 동현님 의견사항 적용,2025-05-20,3217,24,1.0,0.411,0.4,0.3,0.4,57,B
14b2e750ec1b,ㅇㅎㄱ,상세 UI 수정,2025-05-21,420,12,0.7,0.679,0.5,0.8,0.4,63,A
3e5cbbf1e620,ㅇㅎㄱ,상세 화면 우선 수정,2025-05-20,55,8,1.0,1.0,1.0,0.8,0.5,92,S
bd3aefaa4147,ㅇㅎㄱ,리스트 상세 페이지 추가,2025-05-20,587,19,1.0,0.708,0.4,0.7,0.4,69,A
1e126d28329f,ㅇㅎㄱ,리스트에 좌우 플리킹 시 스크랩 지원하기 노출되게 수정,2025-05-19,330,7,0.7,0.937,0.4,0.8,0.5,67,A
fa9137f8493a,ㅇㅎㄱ,우측 상단에 Badge 노출,2025-05-19,49,4,0.7,1.0,0.3,0.4,0.6,60,A
a7f8339ca280,ㅂㅈㅇ,[ai추천] 작업자 : ㅂㅈㅇ /  Onboarding - WireFrame Card Screen,2025-05-19,1190,9,1.0,0.678,0.4,0.4,0.5,65,A
6b215a9f6705,ㅇㅎㄱ,mock 데이터 수정 svg 파일 읽을 수 있게 수정 무한 좌우 페이저 추가 메인 list 추가 dimension 추가 textBuilder 추가 메인 list 전체 UI 수정,2025-05-16,1021,17,0.7,0.657,0.4,0.8,0.4,60,A
7093e4e0c807,ㅂㅈㅇ,Ai Recommendation Onboarding Build Up,2025-05-16,1166,17,1.0,0.612,0.4,0.4,0.4,62,A
ee022c219865,ㅇㅎㄱ,Tobe 에서 사용중인 TextBuilder 및 Extension logger(Timber) 추가,2025-05-16,330,5,0.3,0.774,0.5,0.7,0.6,53,B
658efc308514,ㅇㅎㄱ,Text 추가 및Text Style 추가,2025-05-16,166,1,0.3,0.468,0.3,0.7,0.9,45,B
c3e6007720b5,ㅇㅎㄱ,메인 List 부분 우선 UI 세부 개선 등 적용 하지 않은 상태로 노출 되게끔 적용,2025-05-16,70,6,0.7,1.0,0.5,0.6,0.5,68,A
004182d3ae7b,ㅇㅎㄱ,R-TFT 메인 리스트 수정 적용,2025-05-16,511,15,1.0,0.497,0.4,0.8,0.4,66,A
57dd092db44c,ㅇㅎㄱ,스켈레톤 추가 및 color 추가,2025-05-15,286,11,0.7,0.841,0.4,0.7,0.4,62,A
e10f08435250,ㅂㅈㅇ,Ai 추천 빌드 업,2025-05-12,1390,24,1.0,0.43,0.4,0.4,0.4,59,B
